[{"id": 26528, "annotations": [{"id": 23222, "completed_by": 1, "result": [{"value": {"choices": ["19", "23", "29"]}, "id": "gZaPAgX6U0", "from_name": "label", "to_name": "image", "type": "choices", "origin": "manual"}], "was_cancelled": false, "ground_truth": false, "created_at": "2024-04-15T20:42:53.256256Z", "updated_at": "2024-04-15T20:42:53.256256Z", "draft_created_at": null, "lead_time": 4.262, "prediction": {}, "result_count": 0, "unique_id": "e957b7df-2aac-4444-ba7c-826165977bc2", "import_id": null, "last_action": null, "task": 26528, "project": 30, "updated_by": 1, "parent_prediction": null, "parent_annotation": null, "last_created_by": null}], "drafts": [], "predictions": [], "data": {"image": "/data/local-files/?d=Pictures%5Cjpg_cut%5C69145_40125%5C14109231730359863974_0.jpg"}, "meta": {}, "created_at": "2024-04-15T20:42:31.734901Z", "updated_at": "2024-04-15T20:42:53.305828Z", "inner_id": 1, "total_annotations": 1, "cancelled_annotations": 0, "total_predictions": 0, "comment_count": 0, "unresolved_comment_count": 0, "last_comment_updated_at": null, "project": 30, "updated_by": 1, "comment_authors": []}, {"id": 26529, "annotations": [{"id": 23223, "completed_by": 1, "result": [{"value": {"choices": ["2", "29"]}, "id": "lg5VUinFoZ", "from_name": "label", "to_name": "image", "type": "choices", "origin": "manual"}], "was_cancelled": false, "ground_truth": false, "created_at": "2024-04-15T20:43:01.828992Z", "updated_at": "2024-04-15T20:43:01.828992Z", "draft_created_at": null, "lead_time": 8.299, "prediction": {}, "result_count": 0, "unique_id": "74c5927c-f872-4420-80c6-26ef243a2c98", "import_id": null, "last_action": null, "task": 26529, "project": 30, "updated_by": 1, "parent_prediction": null, "parent_annotation": null, "last_created_by": null}], "drafts": [], "predictions": [], "data": {"image": "/data/local-files/?d=Pictures%5Cjpg_cut%5C69145_40125%5C14109231730359863974_1.jpg"}, "meta": {}, "created_at": "2024-04-15T20:42:31.744500Z", "updated_at": "2024-04-15T20:43:01.873095Z", "inner_id": 2, "total_annotations": 1, "cancelled_annotations": 0, "total_predictions": 0, "comment_count": 0, "unresolved_comment_count": 0, "last_comment_updated_at": null, "project": 30, "updated_by": 1, "comment_authors": []}, {"id": 26530, "annotations": [{"id": 23224, "completed_by": 1, "result": [{"value": {"choices": ["2", "23", "29"]}, "id": "oW313I-7qB", "from_name": "label", "to_name": "image", "type": "choices", "origin": "manual"}], "was_cancelled": false, "ground_truth": false, "created_at": "2024-04-15T20:43:10.276378Z", "updated_at": "2024-04-15T20:43:10.276378Z", "draft_created_at": null, "lead_time": 8.175, "prediction": {}, "result_count": 0, "unique_id": "5e75c18c-c2ca-41b0-ae67-d0e32dac5961", "import_id": null, "last_action": null, "task": 26530, "project": 30, "updated_by": 1, "parent_prediction": null, "parent_annotation": null, "last_created_by": null}], "drafts": [], "predictions": [], "data": {"image": "/data/local-files/?d=Pictures%5Cjpg_cut%5C69145_40125%5C14109231730359863974_2.jpg"}, "meta": {}, "created_at": "2024-04-15T20:42:31.754729Z", "updated_at": "2024-04-15T20:43:10.331743Z", "inner_id": 3, "total_annotations": 1, "cancelled_annotations": 0, "total_predictions": 0, "comment_count": 0, "unresolved_comment_count": 0, "last_comment_updated_at": null, "project": 30, "updated_by": 1, "comment_authors": []}, {"id": 26531, "annotations": [{"id": 23225, "completed_by": 1, "result": [{"value": {"choices": ["23", "29"]}, "id": "_E0AgKZO1_", "from_name": "label", "to_name": "image", "type": "choices", "origin": "manual"}], "was_cancelled": false, "ground_truth": false, "created_at": "2024-04-15T20:43:13.477104Z", "updated_at": "2024-04-15T20:43:13.477104Z", "draft_created_at": null, "lead_time": 2.862, "prediction": {}, "result_count": 0, "unique_id": "8b9f7d13-72e0-4baf-8c09-f920f32eb077", "import_id": null, "last_action": null, "task": 26531, "project": 30, "updated_by": 1, "parent_prediction": null, "parent_annotation": null, "last_created_by": null}], "drafts": [], "predictions": [], "data": {"image": "/data/local-files/?d=Pictures%5Cjpg_cut%5C69145_40125%5C14109231730359863974_3.jpg"}, "meta": {}, "created_at": "2024-04-15T20:42:31.774024Z", "updated_at": "2024-04-15T20:43:13.536129Z", "inner_id": 4, "total_annotations": 1, "cancelled_annotations": 0, "total_predictions": 0, "comment_count": 0, "unresolved_comment_count": 0, "last_comment_updated_at": null, "project": 30, "updated_by": 1, "comment_authors": []}, {"id": 26532, "annotations": [{"id": 23226, "completed_by": 1, "result": [{"value": {"choices": ["19", "23", "29"]}, "id": "sAUfbNkSxE", "from_name": "label", "to_name": "image", "type": "choices", "origin": "manual"}], "was_cancelled": false, "ground_truth": false, "created_at": "2024-04-15T20:43:15.712907Z", "updated_at": "2024-04-15T20:43:15.712907Z", "draft_created_at": null, "lead_time": 1.819, "prediction": {}, "result_count": 0, "unique_id": "a0193660-f7ee-4861-8f35-2a09245ac14d", "import_id": null, "last_action": null, "task": 26532, "project": 30, "updated_by": 1, "parent_prediction": null, "parent_annotation": null, "last_created_by": null}], "drafts": [], "predictions": [], "data": {"image": "/data/local-files/?d=Pictures%5Cjpg_cut%5C69145_40125%5C14109231730359864394_0.jpg"}, "meta": {}, "created_at": "2024-04-15T20:42:31.783969Z", "updated_at": "2024-04-15T20:43:15.769325Z", "inner_id": 5, "total_annotations": 1, "cancelled_annotations": 0, "total_predictions": 0, "comment_count": 0, "unresolved_comment_count": 0, "last_comment_updated_at": null, "project": 30, "updated_by": 1, "comment_authors": []}, {"id": 26533, "annotations": [{"id": 23227, "completed_by": 1, "result": [{"value": {"choices": ["2", "29"]}, "id": "qX4XUPqqB-", "from_name": "label", "to_name": "image", "type": "choices", "origin": "manual"}], "was_cancelled": false, "ground_truth": false, "created_at": "2024-04-15T20:43:17.680222Z", "updated_at": "2024-04-15T20:43:17.680222Z", "draft_created_at": null, "lead_time": 1.681, "prediction": {}, "result_count": 0, "unique_id": "ebc9c470-331d-4182-b2b0-2167d1ce4b18", "import_id": null, "last_action": null, "task": 26533, "project": 30, "updated_by": 1, "parent_prediction": null, "parent_annotation": null, "last_created_by": null}], "drafts": [], "predictions": [], "data": {"image": "/data/local-files/?d=Pictures%5Cjpg_cut%5C69145_40125%5C14109231730359864394_1.jpg"}, "meta": {}, "created_at": "2024-04-15T20:42:31.792756Z", "updated_at": "2024-04-15T20:43:17.722289Z", "inner_id": 6, "total_annotations": 1, "cancelled_annotations": 0, "total_predictions": 0, "comment_count": 0, "unresolved_comment_count": 0, "last_comment_updated_at": null, "project": 30, "updated_by": 1, "comment_authors": []}, {"id": 26534, "annotations": [{"id": 23228, "completed_by": 1, "result": [{"value": {"choices": ["2", "23", "29"]}, "id": "HsqvuCdlWV", "from_name": "label", "to_name": "image", "type": "choices", "origin": "manual"}], "was_cancelled": false, "ground_truth": false, "created_at": "2024-04-15T20:43:23.946631Z", "updated_at": "2024-04-15T20:43:23.946631Z", "draft_created_at": null, "lead_time": 5.965, "prediction": {}, "result_count": 0, "unique_id": "e8e2ed11-1dcb-47df-80b5-ba1b8e20552c", "import_id": null, "last_action": null, "task": 26534, "project": 30, "updated_by": 1, "parent_prediction": null, "parent_annotation": null, "last_created_by": null}], "drafts": [], "predictions": [], "data": {"image": "/data/local-files/?d=Pictures%5Cjpg_cut%5C69145_40125%5C14109231730359864394_2.jpg"}, "meta": {}, "created_at": "2024-04-15T20:42:31.805211Z", "updated_at": "2024-04-15T20:43:23.989680Z", "inner_id": 7, "total_annotations": 1, "cancelled_annotations": 0, "total_predictions": 0, "comment_count": 0, "unresolved_comment_count": 0, "last_comment_updated_at": null, "project": 30, "updated_by": 1, "comment_authors": []}, {"id": 26535, "annotations": [{"id": 23229, "completed_by": 1, "result": [{"value": {"choices": ["23", "29"]}, "id": "VBCpA3E4_m", "from_name": "label", "to_name": "image", "type": "choices", "origin": "manual"}], "was_cancelled": false, "ground_truth": false, "created_at": "2024-04-15T20:43:25.926802Z", "updated_at": "2024-04-15T20:43:25.926802Z", "draft_created_at": null, "lead_time": 1.706, "prediction": {}, "result_count": 0, "unique_id": "6c71007a-ead4-4cee-b16d-6bdae4b7279d", "import_id": null, "last_action": null, "task": 26535, "project": 30, "updated_by": 1, "parent_prediction": null, "parent_annotation": null, "last_created_by": null}], "drafts": [], "predictions": [], "data": {"image": "/data/local-files/?d=Pictures%5Cjpg_cut%5C69145_40125%5C14109231730359864394_3.jpg"}, "meta": {}, "created_at": "2024-04-15T20:42:31.817691Z", "updated_at": "2024-04-15T20:43:25.970252Z", "inner_id": 8, "total_annotations": 1, "cancelled_annotations": 0, "total_predictions": 0, "comment_count": 0, "unresolved_comment_count": 0, "last_comment_updated_at": null, "project": 30, "updated_by": 1, "comment_authors": []}, {"id": 26536, "annotations": [{"id": 23230, "completed_by": 1, "result": [{"value": {"choices": ["2", "19", "23", "29"]}, "id": "gDBLD2Zr1Z", "from_name": "label", "to_name": "image", "type": "choices", "origin": "manual"}], "was_cancelled": false, "ground_truth": false, "created_at": "2024-04-15T20:43:28.451177Z", "updated_at": "2024-04-15T20:43:31.525216Z", "draft_created_at": null, "lead_time": 3.355, "prediction": {}, "result_count": 0, "unique_id": "2120c577-91e3-4600-8c00-ef0670fd6102", "import_id": null, "last_action": null, "task": 26536, "project": 30, "updated_by": 1, "parent_prediction": null, "parent_annotation": null, "last_created_by": null}], "drafts": [], "predictions": [], "data": {"image": "/data/local-files/?d=Pictures%5Cjpg_cut%5C69145_40125%5C14109231730359864813_0.jpg"}, "meta": {}, "created_at": "2024-04-15T20:42:31.832890Z", "updated_at": "2024-04-15T20:43:31.597187Z", "inner_id": 9, "total_annotations": 1, "cancelled_annotations": 0, "total_predictions": 0, "comment_count": 0, "unresolved_comment_count": 0, "last_comment_updated_at": null, "project": 30, "updated_by": 1, "comment_authors": []}, {"id": 26537, "annotations": [{"id": 23231, "completed_by": 1, "result": [{"value": {"choices": ["2", "29"]}, "id": "Iro3Rzpi1W", "from_name": "label", "to_name": "image", "type": "choices", "origin": "manual"}], "was_cancelled": false, "ground_truth": false, "created_at": "2024-04-15T20:43:44.603276Z", "updated_at": "2024-04-15T20:43:44.603276Z", "draft_created_at": null, "lead_time": 12.152, "prediction": {}, "result_count": 0, "unique_id": "57ab9d89-2714-41d7-b055-e01060d6a798", "import_id": null, "last_action": null, "task": 26537, "project": 30, "updated_by": 1, "parent_prediction": null, "parent_annotation": null, "last_created_by": null}], "drafts": [], "predictions": [], "data": {"image": "/data/local-files/?d=Pictures%5Cjpg_cut%5C69145_40125%5C14109231730359864813_1.jpg"}, "meta": {}, "created_at": "2024-04-15T20:42:31.841691Z", "updated_at": "2024-04-15T20:43:44.659160Z", "inner_id": 10, "total_annotations": 1, "cancelled_annotations": 0, "total_predictions": 0, "comment_count": 0, "unresolved_comment_count": 0, "last_comment_updated_at": null, "project": 30, "updated_by": 1, "comment_authors": []}, {"id": 26538, "annotations": [{"id": 23232, "completed_by": 1, "result": [{"value": {"choices": ["2", "23", "29"]}, "id": "_UcaqE_ySw", "from_name": "label", "to_name": "image", "type": "choices", "origin": "manual"}], "was_cancelled": false, "ground_truth": false, "created_at": "2024-04-15T20:43:48.181631Z", "updated_at": "2024-04-15T20:43:48.181631Z", "draft_created_at": null, "lead_time": 3.296, "prediction": {}, "result_count": 0, "unique_id": "1b06a38c-a5b3-4021-9f08-c99802d054db", "import_id": null, "last_action": null, "task": 26538, "project": 30, "updated_by": 1, "parent_prediction": null, "parent_annotation": null, "last_created_by": null}], "drafts": [], "predictions": [], "data": {"image": "/data/local-files/?d=Pictures%5Cjpg_cut%5C69145_40125%5C14109231730359864813_2.jpg"}, "meta": {}, "created_at": "2024-04-15T20:42:31.851263Z", "updated_at": "2024-04-15T20:43:48.236398Z", "inner_id": 11, "total_annotations": 1, "cancelled_annotations": 0, "total_predictions": 0, "comment_count": 0, "unresolved_comment_count": 0, "last_comment_updated_at": null, "project": 30, "updated_by": 1, "comment_authors": []}, {"id": 26539, "annotations": [{"id": 23233, "completed_by": 1, "result": [{"value": {"choices": ["23", "29"]}, "id": "9CzDdLmSnx", "from_name": "label", "to_name": "image", "type": "choices", "origin": "manual"}], "was_cancelled": false, "ground_truth": false, "created_at": "2024-04-15T20:43:50.257878Z", "updated_at": "2024-04-15T20:43:50.257878Z", "draft_created_at": null, "lead_time": 1.807, "prediction": {}, "result_count": 0, "unique_id": "e51e7580-4ac4-46cb-baa4-1c6e3f714407", "import_id": null, "last_action": null, "task": 26539, "project": 30, "updated_by": 1, "parent_prediction": null, "parent_annotation": null, "last_created_by": null}], "drafts": [], "predictions": [], "data": {"image": "/data/local-files/?d=Pictures%5Cjpg_cut%5C69145_40125%5C14109231730359864813_3.jpg"}, "meta": {}, "created_at": "2024-04-15T20:42:31.861028Z", "updated_at": "2024-04-15T20:43:50.299468Z", "inner_id": 12, "total_annotations": 1, "cancelled_annotations": 0, "total_predictions": 0, "comment_count": 0, "unresolved_comment_count": 0, "last_comment_updated_at": null, "project": 30, "updated_by": 1, "comment_authors": []}, {"id": 26540, "annotations": [{"id": 23234, "completed_by": 1, "result": [{"value": {"choices": ["23", "29"]}, "id": "2YISH1Ea1b", "from_name": "label", "to_name": "image", "type": "choices", "origin": "manual"}], "was_cancelled": false, "ground_truth": false, "created_at": "2024-04-15T20:43:55.780373Z", "updated_at": "2024-04-15T20:43:55.780373Z", "draft_created_at": null, "lead_time": 5.237, "prediction": {}, "result_count": 0, "unique_id": "041b4691-9daa-4514-858b-ba53b9eab10d", "import_id": null, "last_action": null, "task": 26540, "project": 30, "updated_by": 1, "parent_prediction": null, "parent_annotation": null, "last_created_by": null}], "drafts": [], "predictions": [], "data": {"image": "/data/local-files/?d=Pictures%5Cjpg_cut%5C69145_40125%5C17301751701408728041_0.jpg"}, "meta": {}, "created_at": "2024-04-15T20:42:31.871108Z", "updated_at": "2024-04-15T20:43:55.826508Z", "inner_id": 13, "total_annotations": 1, "cancelled_annotations": 0, "total_predictions": 0, "comment_count": 0, "unresolved_comment_count": 0, "last_comment_updated_at": null, "project": 30, "updated_by": 1, "comment_authors": []}, {"id": 26541, "annotations": [{"id": 23235, "completed_by": 1, "result": [{"value": {"choices": ["23"]}, "id": "-d-RMlgRAS", "from_name": "label", "to_name": "image", "type": "choices", "origin": "manual"}], "was_cancelled": false, "ground_truth": false, "created_at": "2024-04-15T20:43:57.636601Z", "updated_at": "2024-04-15T20:43:57.636601Z", "draft_created_at": null, "lead_time": 1.566, "prediction": {}, "result_count": 0, "unique_id": "1f1d7481-89d9-4bf4-9757-2732b4e8f64c", "import_id": null, "last_action": null, "task": 26541, "project": 30, "updated_by": 1, "parent_prediction": null, "parent_annotation": null, "last_created_by": null}], "drafts": [], "predictions": [], "data": {"image": "/data/local-files/?d=Pictures%5Cjpg_cut%5C69145_40125%5C17301751701408728041_1.jpg"}, "meta": {}, "created_at": "2024-04-15T20:42:31.881767Z", "updated_at": "2024-04-15T20:43:57.681736Z", "inner_id": 14, "total_annotations": 1, "cancelled_annotations": 0, "total_predictions": 0, "comment_count": 0, "unresolved_comment_count": 0, "last_comment_updated_at": null, "project": 30, "updated_by": 1, "comment_authors": []}, {"id": 26542, "annotations": [{"id": 23236, "completed_by": 1, "result": [{"value": {"choices": ["2", "23", "29"]}, "id": "PUQJEKtOA7", "from_name": "label", "to_name": "image", "type": "choices", "origin": "manual"}], "was_cancelled": false, "ground_truth": false, "created_at": "2024-04-15T20:44:00.832983Z", "updated_at": "2024-04-15T20:44:00.832983Z", "draft_created_at": null, "lead_time": 2.9, "prediction": {}, "result_count": 0, "unique_id": "71d61e6b-33f2-4164-bbd8-b656bb70e0c5", "import_id": null, "last_action": null, "task": 26542, "project": 30, "updated_by": 1, "parent_prediction": null, "parent_annotation": null, "last_created_by": null}], "drafts": [], "predictions": [], "data": {"image": "/data/local-files/?d=Pictures%5Cjpg_cut%5C69145_40125%5C17301751701408728041_2.jpg"}, "meta": {}, "created_at": "2024-04-15T20:42:31.889868Z", "updated_at": "2024-04-15T20:44:00.878047Z", "inner_id": 15, "total_annotations": 1, "cancelled_annotations": 0, "total_predictions": 0, "comment_count": 0, "unresolved_comment_count": 0, "last_comment_updated_at": null, "project": 30, "updated_by": 1, "comment_authors": []}, {"id": 26543, "annotations": [{"id": 23237, "completed_by": 1, "result": [], "was_cancelled": false, "ground_truth": false, "created_at": "2024-04-15T20:44:07.170610Z", "updated_at": "2024-04-15T20:44:07.170610Z", "draft_created_at": null, "lead_time": 6.072, "prediction": {}, "result_count": 0, "unique_id": "05c2fe6a-7129-4b4a-97c6-2506f980e260", "import_id": null, "last_action": null, "task": 26543, "project": 30, "updated_by": 1, "parent_prediction": null, "parent_annotation": null, "last_created_by": null}], "drafts": [], "predictions": [], "data": {"image": "/data/local-files/?d=Pictures%5Cjpg_cut%5C69145_40125%5C17301751701408728041_3.jpg"}, "meta": {}, "created_at": "2024-04-15T20:42:31.904698Z", "updated_at": "2024-04-15T20:44:07.215343Z", "inner_id": 16, "total_annotations": 1, "cancelled_annotations": 0, "total_predictions": 0, "comment_count": 0, "unresolved_comment_count": 0, "last_comment_updated_at": null, "project": 30, "updated_by": 1, "comment_authors": []}, {"id": 26544, "annotations": [{"id": 23238, "completed_by": 1, "result": [{"value": {"choices": ["23", "29"]}, "id": "0WljwIzxeF", "from_name": "label", "to_name": "image", "type": "choices", "origin": "manual"}], "was_cancelled": false, "ground_truth": false, "created_at": "2024-04-15T20:44:09.376217Z", "updated_at": "2024-04-15T20:44:09.376217Z", "draft_created_at": null, "lead_time": 1.924, "prediction": {}, "result_count": 0, "unique_id": "6d4b75e9-3c19-452b-b1a1-cf64bce05a3d", "import_id": null, "last_action": null, "task": 26544, "project": 30, "updated_by": 1, "parent_prediction": null, "parent_annotation": null, "last_created_by": null}], "drafts": [], "predictions": [], "data": {"image": "/data/local-files/?d=Pictures%5Cjpg_cut%5C69145_40125%5C17301751701408728602_0.jpg"}, "meta": {}, "created_at": "2024-04-15T20:42:31.917569Z", "updated_at": "2024-04-15T20:44:09.418969Z", "inner_id": 17, "total_annotations": 1, "cancelled_annotations": 0, "total_predictions": 0, "comment_count": 0, "unresolved_comment_count": 0, "last_comment_updated_at": null, "project": 30, "updated_by": 1, "comment_authors": []}, {"id": 26545, "annotations": [{"id": 23239, "completed_by": 1, "result": [{"value": {"choices": ["23"]}, "id": "io0LaXSq4P", "from_name": "label", "to_name": "image", "type": "choices", "origin": "manual"}], "was_cancelled": false, "ground_truth": false, "created_at": "2024-04-15T20:44:17.796957Z", "updated_at": "2024-04-15T20:44:17.796957Z", "draft_created_at": null, "lead_time": 4.488, "prediction": {}, "result_count": 0, "unique_id": "6b312e1a-f3bb-46f3-bb32-187797fa8b94", "import_id": null, "last_action": null, "task": 26545, "project": 30, "updated_by": 1, "parent_prediction": null, "parent_annotation": null, "last_created_by": null}], "drafts": [], "predictions": [], "data": {"image": "/data/local-files/?d=Pictures%5Cjpg_cut%5C69145_40125%5C17301751701408728602_1.jpg"}, "meta": {}, "created_at": "2024-04-15T20:42:31.925274Z", "updated_at": "2024-04-15T20:44:17.839588Z", "inner_id": 18, "total_annotations": 1, "cancelled_annotations": 0, "total_predictions": 0, "comment_count": 0, "unresolved_comment_count": 0, "last_comment_updated_at": null, "project": 30, "updated_by": 1, "comment_authors": []}, {"id": 26546, "annotations": [{"id": 23240, "completed_by": 1, "result": [{"value": {"choices": ["2", "23", "29"]}, "id": "1D0-htgDxf", "from_name": "label", "to_name": "image", "type": "choices", "origin": "manual"}], "was_cancelled": false, "ground_truth": false, "created_at": "2024-04-15T20:44:24.418871Z", "updated_at": "2024-04-15T20:44:24.418871Z", "draft_created_at": null, "lead_time": 2.586, "prediction": {}, "result_count": 0, "unique_id": "64906271-4bbe-4555-9ec1-7d7fe8952d1f", "import_id": null, "last_action": null, "task": 26546, "project": 30, "updated_by": 1, "parent_prediction": null, "parent_annotation": null, "last_created_by": null}], "drafts": [], "predictions": [], "data": {"image": "/data/local-files/?d=Pictures%5Cjpg_cut%5C69145_40125%5C17301751701408728602_2.jpg"}, "meta": {}, "created_at": "2024-04-15T20:42:31.935016Z", "updated_at": "2024-04-15T20:44:24.460115Z", "inner_id": 19, "total_annotations": 1, "cancelled_annotations": 0, "total_predictions": 0, "comment_count": 0, "unresolved_comment_count": 0, "last_comment_updated_at": null, "project": 30, "updated_by": 1, "comment_authors": []}, {"id": 26547, "annotations": [{"id": 23241, "completed_by": 1, "result": [{"value": {"choices": ["2"]}, "id": "KFS-Sg2kRm", "from_name": "label", "to_name": "image", "type": "choices", "origin": "manual"}], "was_cancelled": false, "ground_truth": false, "created_at": "2024-04-15T20:44:27.837837Z", "updated_at": "2024-04-15T20:44:27.837837Z", "draft_created_at": null, "lead_time": 3.116, "prediction": {}, "result_count": 0, "unique_id": "47ef2743-9f23-4cb5-8c84-ab906c9ec0d9", "import_id": null, "last_action": null, "task": 26547, "project": 30, "updated_by": 1, "parent_prediction": null, "parent_annotation": null, "last_created_by": null}], "drafts": [], "predictions": [], "data": {"image": "/data/local-files/?d=Pictures%5Cjpg_cut%5C69145_40125%5C17301751701408728602_3.jpg"}, "meta": {}, "created_at": "2024-04-15T20:42:31.943838Z", "updated_at": "2024-04-15T20:44:27.879724Z", "inner_id": 20, "total_annotations": 1, "cancelled_annotations": 0, "total_predictions": 0, "comment_count": 0, "unresolved_comment_count": 0, "last_comment_updated_at": null, "project": 30, "updated_by": 1, "comment_authors": []}, {"id": 26548, "annotations": [{"id": 23242, "completed_by": 1, "result": [{"value": {"choices": ["23", "29"]}, "id": "kUA4ndXcfe", "from_name": "label", "to_name": "image", "type": "choices", "origin": "manual"}], "was_cancelled": false, "ground_truth": false, "created_at": "2024-04-15T20:44:30.493372Z", "updated_at": "2024-04-15T20:44:30.493372Z", "draft_created_at": null, "lead_time": 2.383, "prediction": {}, "result_count": 0, "unique_id": "263a476f-4663-43fb-94ca-db0e3ee390de", "import_id": null, "last_action": null, "task": 26548, "project": 30, "updated_by": 1, "parent_prediction": null, "parent_annotation": null, "last_created_by": null}], "drafts": [], "predictions": [], "data": {"image": "/data/local-files/?d=Pictures%5Cjpg_cut%5C69145_40125%5C17301751701408729148_0.jpg"}, "meta": {}, "created_at": "2024-04-15T20:42:31.953439Z", "updated_at": "2024-04-15T20:44:30.552371Z", "inner_id": 21, "total_annotations": 1, "cancelled_annotations": 0, "total_predictions": 0, "comment_count": 0, "unresolved_comment_count": 0, "last_comment_updated_at": null, "project": 30, "updated_by": 1, "comment_authors": []}, {"id": 26549, "annotations": [{"id": 23243, "completed_by": 1, "result": [{"value": {"choices": ["23", "29"]}, "id": "OOj4b4bXc1", "from_name": "label", "to_name": "image", "type": "choices", "origin": "manual"}], "was_cancelled": false, "ground_truth": false, "created_at": "2024-04-15T20:44:32.475269Z", "updated_at": "2024-04-15T20:44:32.475269Z", "draft_created_at": null, "lead_time": 1.669, "prediction": {}, "result_count": 0, "unique_id": "4db0adf4-6a0e-4a57-a5c1-d18ef94242f8", "import_id": null, "last_action": null, "task": 26549, "project": 30, "updated_by": 1, "parent_prediction": null, "parent_annotation": null, "last_created_by": null}], "drafts": [], "predictions": [], "data": {"image": "/data/local-files/?d=Pictures%5Cjpg_cut%5C69145_40125%5C17301751701408729148_1.jpg"}, "meta": {}, "created_at": "2024-04-15T20:42:31.963039Z", "updated_at": "2024-04-15T20:44:32.523382Z", "inner_id": 22, "total_annotations": 1, "cancelled_annotations": 0, "total_predictions": 0, "comment_count": 0, "unresolved_comment_count": 0, "last_comment_updated_at": null, "project": 30, "updated_by": 1, "comment_authors": []}, {"id": 26550, "annotations": [{"id": 23244, "completed_by": 1, "result": [{"value": {"choices": ["2", "23", "29"]}, "id": "Bw761Zd7ys", "from_name": "label", "to_name": "image", "type": "choices", "origin": "manual"}], "was_cancelled": false, "ground_truth": false, "created_at": "2024-04-15T20:44:35.485022Z", "updated_at": "2024-04-15T20:44:35.485022Z", "draft_created_at": null, "lead_time": 2.724, "prediction": {}, "result_count": 0, "unique_id": "ed7ec94f-e4e0-4fe2-8003-813706ee9795", "import_id": null, "last_action": null, "task": 26550, "project": 30, "updated_by": 1, "parent_prediction": null, "parent_annotation": null, "last_created_by": null}], "drafts": [], "predictions": [], "data": {"image": "/data/local-files/?d=Pictures%5Cjpg_cut%5C69145_40125%5C17301751701408729148_2.jpg"}, "meta": {}, "created_at": "2024-04-15T20:42:31.972184Z", "updated_at": "2024-04-15T20:44:35.533629Z", "inner_id": 23, "total_annotations": 1, "cancelled_annotations": 0, "total_predictions": 0, "comment_count": 0, "unresolved_comment_count": 0, "last_comment_updated_at": null, "project": 30, "updated_by": 1, "comment_authors": []}, {"id": 26551, "annotations": [{"id": 23245, "completed_by": 1, "result": [{"value": {"choices": ["23", "29"]}, "id": "g28AOfobRU", "from_name": "label", "to_name": "image", "type": "choices", "origin": "manual"}], "was_cancelled": false, "ground_truth": false, "created_at": "2024-04-15T20:44:37.843814Z", "updated_at": "2024-04-15T20:44:37.843814Z", "draft_created_at": null, "lead_time": 1.962, "prediction": {}, "result_count": 0, "unique_id": "3c539fab-4284-43f0-9f90-cda501e2db06", "import_id": null, "last_action": null, "task": 26551, "project": 30, "updated_by": 1, "parent_prediction": null, "parent_annotation": null, "last_created_by": null}], "drafts": [], "predictions": [], "data": {"image": "/data/local-files/?d=Pictures%5Cjpg_cut%5C69145_40125%5C17301751701408729148_3.jpg"}, "meta": {}, "created_at": "2024-04-15T20:42:31.980450Z", "updated_at": "2024-04-15T20:44:37.888623Z", "inner_id": 24, "total_annotations": 1, "cancelled_annotations": 0, "total_predictions": 0, "comment_count": 0, "unresolved_comment_count": 0, "last_comment_updated_at": null, "project": 30, "updated_by": 1, "comment_authors": []}, {"id": 26552, "annotations": [{"id": 23246, "completed_by": 1, "result": [{"value": {"choices": ["2", "23", "29"]}, "id": "kvyWktPe8L", "from_name": "label", "to_name": "image", "type": "choices", "origin": "manual"}], "was_cancelled": false, "ground_truth": false, "created_at": "2024-04-15T20:44:43.094405Z", "updated_at": "2024-04-15T20:44:43.094405Z", "draft_created_at": null, "lead_time": 4.988, "prediction": {}, "result_count": 0, "unique_id": "6dfae09b-3736-4d20-8116-1a905c634872", "import_id": null, "last_action": null, "task": 26552, "project": 30, "updated_by": 1, "parent_prediction": null, "parent_annotation": null, "last_created_by": null}], "drafts": [], "predictions": [], "data": {"image": "/data/local-files/?d=Pictures%5Cjpg_cut%5C69145_40125%5C17301751701408729586_0.jpg"}, "meta": {}, "created_at": "2024-04-15T20:42:31.993904Z", "updated_at": "2024-04-15T20:44:43.137242Z", "inner_id": 25, "total_annotations": 1, "cancelled_annotations": 0, "total_predictions": 0, "comment_count": 0, "unresolved_comment_count": 0, "last_comment_updated_at": null, "project": 30, "updated_by": 1, "comment_authors": []}, {"id": 26553, "annotations": [{"id": 23247, "completed_by": 1, "result": [{"value": {"choices": ["23", "29"]}, "id": "tOCkb7rAlk", "from_name": "label", "to_name": "image", "type": "choices", "origin": "manual"}], "was_cancelled": false, "ground_truth": false, "created_at": "2024-04-15T20:44:44.994899Z", "updated_at": "2024-04-15T20:44:44.995421Z", "draft_created_at": null, "lead_time": 1.627, "prediction": {}, "result_count": 0, "unique_id": "0cb644a6-364f-44dd-9574-66c6104274bb", "import_id": null, "last_action": null, "task": 26553, "project": 30, "updated_by": 1, "parent_prediction": null, "parent_annotation": null, "last_created_by": null}], "drafts": [], "predictions": [], "data": {"image": "/data/local-files/?d=Pictures%5Cjpg_cut%5C69145_40125%5C17301751701408729586_1.jpg"}, "meta": {}, "created_at": "2024-04-15T20:42:32.004672Z", "updated_at": "2024-04-15T20:44:45.040954Z", "inner_id": 26, "total_annotations": 1, "cancelled_annotations": 0, "total_predictions": 0, "comment_count": 0, "unresolved_comment_count": 0, "last_comment_updated_at": null, "project": 30, "updated_by": 1, "comment_authors": []}, {"id": 26554, "annotations": [{"id": 23248, "completed_by": 1, "result": [{"value": {"choices": ["2", "23", "29"]}, "id": "flT6iz3dbA", "from_name": "label", "to_name": "image", "type": "choices", "origin": "manual"}], "was_cancelled": false, "ground_truth": false, "created_at": "2024-04-15T20:44:47.655748Z", "updated_at": "2024-04-15T20:44:47.655748Z", "draft_created_at": null, "lead_time": 2.389, "prediction": {}, "result_count": 0, "unique_id": "a42498cb-b3e2-4cb3-ab37-4ee9e241913e", "import_id": null, "last_action": null, "task": 26554, "project": 30, "updated_by": 1, "parent_prediction": null, "parent_annotation": null, "last_created_by": null}], "drafts": [], "predictions": [], "data": {"image": "/data/local-files/?d=Pictures%5Cjpg_cut%5C69145_40125%5C17301751701408729586_2.jpg"}, "meta": {}, "created_at": "2024-04-15T20:42:32.014480Z", "updated_at": "2024-04-15T20:44:47.696033Z", "inner_id": 27, "total_annotations": 1, "cancelled_annotations": 0, "total_predictions": 0, "comment_count": 0, "unresolved_comment_count": 0, "last_comment_updated_at": null, "project": 30, "updated_by": 1, "comment_authors": []}, {"id": 26555, "annotations": [{"id": 23249, "completed_by": 1, "result": [{"value": {"choices": ["2", "29"]}, "id": "8xlXZIzhF7", "from_name": "label", "to_name": "image", "type": "choices", "origin": "manual"}], "was_cancelled": false, "ground_truth": false, "created_at": "2024-04-15T20:44:50.269092Z", "updated_at": "2024-04-15T20:44:50.269092Z", "draft_created_at": null, "lead_time": 2.348, "prediction": {}, "result_count": 0, "unique_id": "551f7b7a-23bf-49fa-a03d-8efee6e6c89f", "import_id": null, "last_action": null, "task": 26555, "project": 30, "updated_by": 1, "parent_prediction": null, "parent_annotation": null, "last_created_by": null}], "drafts": [], "predictions": [], "data": {"image": "/data/local-files/?d=Pictures%5Cjpg_cut%5C69145_40125%5C17301751701408729586_3.jpg"}, "meta": {}, "created_at": "2024-04-15T20:42:32.023120Z", "updated_at": "2024-04-15T20:44:50.311991Z", "inner_id": 28, "total_annotations": 1, "cancelled_annotations": 0, "total_predictions": 0, "comment_count": 0, "unresolved_comment_count": 0, "last_comment_updated_at": null, "project": 30, "updated_by": 1, "comment_authors": []}, {"id": 26556, "annotations": [{"id": 23250, "completed_by": 1, "result": [{"value": {"choices": ["2", "23", "29"]}, "id": "Yza1F9Qw1z", "from_name": "label", "to_name": "image", "type": "choices", "origin": "manual"}], "was_cancelled": false, "ground_truth": false, "created_at": "2024-04-15T20:44:52.287993Z", "updated_at": "2024-04-15T20:44:52.287993Z", "draft_created_at": null, "lead_time": 1.741, "prediction": {}, "result_count": 0, "unique_id": "c03a9e2a-3618-4d41-93f4-16cca1bb145c", "import_id": null, "last_action": null, "task": 26556, "project": 30, "updated_by": 1, "parent_prediction": null, "parent_annotation": null, "last_created_by": null}], "drafts": [], "predictions": [], "data": {"image": "/data/local-files/?d=Pictures%5Cjpg_cut%5C69145_40125%5C17301751701408730112_0.jpg"}, "meta": {}, "created_at": "2024-04-15T20:42:32.031956Z", "updated_at": "2024-04-15T20:44:52.330745Z", "inner_id": 29, "total_annotations": 1, "cancelled_annotations": 0, "total_predictions": 0, "comment_count": 0, "unresolved_comment_count": 0, "last_comment_updated_at": null, "project": 30, "updated_by": 1, "comment_authors": []}, {"id": 26557, "annotations": [{"id": 23251, "completed_by": 1, "result": [{"value": {"choices": ["23", "29"]}, "id": "yAyDR1CDqV", "from_name": "label", "to_name": "image", "type": "choices", "origin": "manual"}], "was_cancelled": false, "ground_truth": false, "created_at": "2024-04-15T20:44:54.739791Z", "updated_at": "2024-04-15T20:44:54.739791Z", "draft_created_at": null, "lead_time": 2.195, "prediction": {}, "result_count": 0, "unique_id": "99a18aec-7459-4b6b-8aa1-773f36c92042", "import_id": null, "last_action": null, "task": 26557, "project": 30, "updated_by": 1, "parent_prediction": null, "parent_annotation": null, "last_created_by": null}], "drafts": [], "predictions": [], "data": {"image": "/data/local-files/?d=Pictures%5Cjpg_cut%5C69145_40125%5C17301751701408730112_1.jpg"}, "meta": {}, "created_at": "2024-04-15T20:42:32.040596Z", "updated_at": "2024-04-15T20:44:54.782587Z", "inner_id": 30, "total_annotations": 1, "cancelled_annotations": 0, "total_predictions": 0, "comment_count": 0, "unresolved_comment_count": 0, "last_comment_updated_at": null, "project": 30, "updated_by": 1, "comment_authors": []}, {"id": 26558, "annotations": [{"id": 23252, "completed_by": 1, "result": [{"value": {"choices": ["2", "23", "29"]}, "id": "Txh10X1z9q", "from_name": "label", "to_name": "image", "type": "choices", "origin": "manual"}], "was_cancelled": false, "ground_truth": false, "created_at": "2024-04-15T20:44:57.186496Z", "updated_at": "2024-04-15T20:44:57.186496Z", "draft_created_at": null, "lead_time": 2.04, "prediction": {}, "result_count": 0, "unique_id": "57e29b0f-019d-4afc-8d9e-673c04071f4c", "import_id": null, "last_action": null, "task": 26558, "project": 30, "updated_by": 1, "parent_prediction": null, "parent_annotation": null, "last_created_by": null}], "drafts": [], "predictions": [], "data": {"image": "/data/local-files/?d=Pictures%5Cjpg_cut%5C69145_40125%5C17301751701408730112_2.jpg"}, "meta": {}, "created_at": "2024-04-15T20:42:32.051157Z", "updated_at": "2024-04-15T20:44:57.249400Z", "inner_id": 31, "total_annotations": 1, "cancelled_annotations": 0, "total_predictions": 0, "comment_count": 0, "unresolved_comment_count": 0, "last_comment_updated_at": null, "project": 30, "updated_by": 1, "comment_authors": []}, {"id": 26559, "annotations": [{"id": 23253, "completed_by": 1, "result": [{"value": {"choices": ["2", "29"]}, "id": "47gk-dobRP", "from_name": "label", "to_name": "image", "type": "choices", "origin": "manual"}], "was_cancelled": false, "ground_truth": false, "created_at": "2024-04-15T20:45:02.714652Z", "updated_at": "2024-04-15T20:45:02.714652Z", "draft_created_at": null, "lead_time": 5.103, "prediction": {}, "result_count": 0, "unique_id": "fa4efb24-6ea1-4284-89b4-8c0b6a70c762", "import_id": null, "last_action": null, "task": 26559, "project": 30, "updated_by": 1, "parent_prediction": null, "parent_annotation": null, "last_created_by": null}], "drafts": [], "predictions": [], "data": {"image": "/data/local-files/?d=Pictures%5Cjpg_cut%5C69145_40125%5C17301751701408730112_3.jpg"}, "meta": {}, "created_at": "2024-04-15T20:42:32.059796Z", "updated_at": "2024-04-15T20:45:02.768715Z", "inner_id": 32, "total_annotations": 1, "cancelled_annotations": 0, "total_predictions": 0, "comment_count": 0, "unresolved_comment_count": 0, "last_comment_updated_at": null, "project": 30, "updated_by": 1, "comment_authors": []}, {"id": 26560, "annotations": [{"id": 23254, "completed_by": 1, "result": [{"value": {"choices": ["2", "23", "29"]}, "id": "tDt3evRDrV", "from_name": "label", "to_name": "image", "type": "choices", "origin": "manual"}], "was_cancelled": false, "ground_truth": false, "created_at": "2024-04-15T20:45:05.438302Z", "updated_at": "2024-04-15T20:45:05.438302Z", "draft_created_at": null, "lead_time": 2.369, "prediction": {}, "result_count": 0, "unique_id": "b54d8bcb-b5c0-4ba3-8f27-f17eb08f5917", "import_id": null, "last_action": null, "task": 26560, "project": 30, "updated_by": 1, "parent_prediction": null, "parent_annotation": null, "last_created_by": null}], "drafts": [], "predictions": [], "data": {"image": "/data/local-files/?d=Pictures%5Cjpg_cut%5C69145_40125%5C17301751701408730632_0.jpg"}, "meta": {}, "created_at": "2024-04-15T20:42:32.068645Z", "updated_at": "2024-04-15T20:45:05.480663Z", "inner_id": 33, "total_annotations": 1, "cancelled_annotations": 0, "total_predictions": 0, "comment_count": 0, "unresolved_comment_count": 0, "last_comment_updated_at": null, "project": 30, "updated_by": 1, "comment_authors": []}, {"id": 26561, "annotations": [{"id": 23255, "completed_by": 1, "result": [{"value": {"choices": ["23", "29"]}, "id": "FuMv6BuzpI", "from_name": "label", "to_name": "image", "type": "choices", "origin": "manual"}], "was_cancelled": false, "ground_truth": false, "created_at": "2024-04-15T20:45:08.286169Z", "updated_at": "2024-04-15T20:45:08.286169Z", "draft_created_at": null, "lead_time": 2.57, "prediction": {}, "result_count": 0, "unique_id": "1772ef11-c22c-4024-8e85-47cf0d9cffe8", "import_id": null, "last_action": null, "task": 26561, "project": 30, "updated_by": 1, "parent_prediction": null, "parent_annotation": null, "last_created_by": null}], "drafts": [], "predictions": [], "data": {"image": "/data/local-files/?d=Pictures%5Cjpg_cut%5C69145_40125%5C17301751701408730632_1.jpg"}, "meta": {}, "created_at": "2024-04-15T20:42:32.078028Z", "updated_at": "2024-04-15T20:45:08.328567Z", "inner_id": 34, "total_annotations": 1, "cancelled_annotations": 0, "total_predictions": 0, "comment_count": 0, "unresolved_comment_count": 0, "last_comment_updated_at": null, "project": 30, "updated_by": 1, "comment_authors": []}, {"id": 26562, "annotations": [{"id": 23256, "completed_by": 1, "result": [{"value": {"choices": ["2", "23", "29"]}, "id": "dz2NKhHA1C", "from_name": "label", "to_name": "image", "type": "choices", "origin": "manual"}], "was_cancelled": false, "ground_truth": false, "created_at": "2024-04-15T20:45:12.627423Z", "updated_at": "2024-04-15T20:45:12.627423Z", "draft_created_at": null, "lead_time": 4.061, "prediction": {}, "result_count": 0, "unique_id": "e312c66a-9446-44cf-8eab-babc5356aec9", "import_id": null, "last_action": null, "task": 26562, "project": 30, "updated_by": 1, "parent_prediction": null, "parent_annotation": null, "last_created_by": null}], "drafts": [], "predictions": [], "data": {"image": "/data/local-files/?d=Pictures%5Cjpg_cut%5C69145_40125%5C17301751701408730632_2.jpg"}, "meta": {}, "created_at": "2024-04-15T20:42:32.087370Z", "updated_at": "2024-04-15T20:45:12.676188Z", "inner_id": 35, "total_annotations": 1, "cancelled_annotations": 0, "total_predictions": 0, "comment_count": 0, "unresolved_comment_count": 0, "last_comment_updated_at": null, "project": 30, "updated_by": 1, "comment_authors": []}, {"id": 26563, "annotations": [{"id": 23257, "completed_by": 1, "result": [{"value": {"choices": ["2", "29"]}, "id": "WOQLK2FG5b", "from_name": "label", "to_name": "image", "type": "choices", "origin": "manual"}], "was_cancelled": false, "ground_truth": false, "created_at": "2024-04-15T20:45:15.023009Z", "updated_at": "2024-04-15T20:45:15.023009Z", "draft_created_at": null, "lead_time": 2.116, "prediction": {}, "result_count": 0, "unique_id": "445bc6f3-86ad-4521-b5ab-04372e4e273e", "import_id": null, "last_action": null, "task": 26563, "project": 30, "updated_by": 1, "parent_prediction": null, "parent_annotation": null, "last_created_by": null}], "drafts": [], "predictions": [], "data": {"image": "/data/local-files/?d=Pictures%5Cjpg_cut%5C69145_40125%5C17301751701408730632_3.jpg"}, "meta": {}, "created_at": "2024-04-15T20:42:32.096541Z", "updated_at": "2024-04-15T20:45:15.066641Z", "inner_id": 36, "total_annotations": 1, "cancelled_annotations": 0, "total_predictions": 0, "comment_count": 0, "unresolved_comment_count": 0, "last_comment_updated_at": null, "project": 30, "updated_by": 1, "comment_authors": []}, {"id": 26564, "annotations": [{"id": 23258, "completed_by": 1, "result": [{"value": {"choices": ["2", "23", "29"]}, "id": "0D49_KEYjy", "from_name": "label", "to_name": "image", "type": "choices", "origin": "manual"}], "was_cancelled": false, "ground_truth": false, "created_at": "2024-04-15T20:45:17.272663Z", "updated_at": "2024-04-15T20:45:17.272663Z", "draft_created_at": null, "lead_time": 1.969, "prediction": {}, "result_count": 0, "unique_id": "3f6edae9-b3b1-4e8f-b48e-87cd349b3294", "import_id": null, "last_action": null, "task": 26564, "project": 30, "updated_by": 1, "parent_prediction": null, "parent_annotation": null, "last_created_by": null}], "drafts": [], "predictions": [], "data": {"image": "/data/local-files/?d=Pictures%5Cjpg_cut%5C69145_40125%5C17301751701408731140_0.jpg"}, "meta": {}, "created_at": "2024-04-15T20:42:32.106117Z", "updated_at": "2024-04-15T20:45:17.321334Z", "inner_id": 37, "total_annotations": 1, "cancelled_annotations": 0, "total_predictions": 0, "comment_count": 0, "unresolved_comment_count": 0, "last_comment_updated_at": null, "project": 30, "updated_by": 1, "comment_authors": []}, {"id": 26565, "annotations": [{"id": 23259, "completed_by": 1, "result": [{"value": {"choices": ["23", "29"]}, "id": "CCD36uQYkC", "from_name": "label", "to_name": "image", "type": "choices", "origin": "manual"}], "was_cancelled": false, "ground_truth": false, "created_at": "2024-04-15T20:45:20.161800Z", "updated_at": "2024-04-15T20:45:20.161800Z", "draft_created_at": null, "lead_time": 2.59, "prediction": {}, "result_count": 0, "unique_id": "9705f8df-8711-4c52-83e4-840bd158b806", "import_id": null, "last_action": null, "task": 26565, "project": 30, "updated_by": 1, "parent_prediction": null, "parent_annotation": null, "last_created_by": null}], "drafts": [], "predictions": [], "data": {"image": "/data/local-files/?d=Pictures%5Cjpg_cut%5C69145_40125%5C17301751701408731140_1.jpg"}, "meta": {}, "created_at": "2024-04-15T20:42:32.121476Z", "updated_at": "2024-04-15T20:45:20.207684Z", "inner_id": 38, "total_annotations": 1, "cancelled_annotations": 0, "total_predictions": 0, "comment_count": 0, "unresolved_comment_count": 0, "last_comment_updated_at": null, "project": 30, "updated_by": 1, "comment_authors": []}, {"id": 26566, "annotations": [{"id": 23260, "completed_by": 1, "result": [{"value": {"choices": ["19", "23", "29"]}, "id": "v_LUYj6MYz", "from_name": "label", "to_name": "image", "type": "choices", "origin": "manual"}], "was_cancelled": false, "ground_truth": false, "created_at": "2024-04-15T20:45:22.663597Z", "updated_at": "2024-04-15T20:45:22.663597Z", "draft_created_at": null, "lead_time": 2.208, "prediction": {}, "result_count": 0, "unique_id": "05e2f974-3ead-47ac-9971-d92152a68017", "import_id": null, "last_action": null, "task": 26566, "project": 30, "updated_by": 1, "parent_prediction": null, "parent_annotation": null, "last_created_by": null}], "drafts": [], "predictions": [], "data": {"image": "/data/local-files/?d=Pictures%5Cjpg_cut%5C69145_40125%5C17301751701408731140_2.jpg"}, "meta": {}, "created_at": "2024-04-15T20:42:32.135915Z", "updated_at": "2024-04-15T20:45:22.707288Z", "inner_id": 39, "total_annotations": 1, "cancelled_annotations": 0, "total_predictions": 0, "comment_count": 0, "unresolved_comment_count": 0, "last_comment_updated_at": null, "project": 30, "updated_by": 1, "comment_authors": []}, {"id": 26567, "annotations": [{"id": 23261, "completed_by": 1, "result": [{"value": {"choices": ["2"]}, "id": "i2q3MmT0x6", "from_name": "label", "to_name": "image", "type": "choices", "origin": "manual"}], "was_cancelled": false, "ground_truth": false, "created_at": "2024-04-15T20:45:32.268991Z", "updated_at": "2024-04-15T20:45:32.268991Z", "draft_created_at": null, "lead_time": 2.38, "prediction": {}, "result_count": 0, "unique_id": "30f0a0b9-1830-4745-b1f1-3654bb33841a", "import_id": null, "last_action": null, "task": 26567, "project": 30, "updated_by": 1, "parent_prediction": null, "parent_annotation": null, "last_created_by": null}], "drafts": [], "predictions": [], "data": {"image": "/data/local-files/?d=Pictures%5Cjpg_cut%5C69145_40125%5C17301751701408731140_3.jpg"}, "meta": {}, "created_at": "2024-04-15T20:42:32.144555Z", "updated_at": "2024-04-15T20:45:32.329005Z", "inner_id": 40, "total_annotations": 1, "cancelled_annotations": 0, "total_predictions": 0, "comment_count": 0, "unresolved_comment_count": 0, "last_comment_updated_at": null, "project": 30, "updated_by": 1, "comment_authors": []}, {"id": 26568, "annotations": [{"id": 23262, "completed_by": 1, "result": [{"value": {"choices": ["19", "23", "29"]}, "id": "IDAkq5E3yw", "from_name": "label", "to_name": "image", "type": "choices", "origin": "manual"}], "was_cancelled": false, "ground_truth": false, "created_at": "2024-04-15T20:45:34.991694Z", "updated_at": "2024-04-15T20:45:34.991694Z", "draft_created_at": null, "lead_time": 2.4, "prediction": {}, "result_count": 0, "unique_id": "9b89d15f-b63d-45ce-99e3-3aad6d7a60cf", "import_id": null, "last_action": null, "task": 26568, "project": 30, "updated_by": 1, "parent_prediction": null, "parent_annotation": null, "last_created_by": null}], "drafts": [], "predictions": [], "data": {"image": "/data/local-files/?d=Pictures%5Cjpg_cut%5C69145_40125%5C7514088309027719938_0.jpg"}, "meta": {}, "created_at": "2024-04-15T20:42:32.157919Z", "updated_at": "2024-04-15T20:45:35.035231Z", "inner_id": 41, "total_annotations": 1, "cancelled_annotations": 0, "total_predictions": 0, "comment_count": 0, "unresolved_comment_count": 0, "last_comment_updated_at": null, "project": 30, "updated_by": 1, "comment_authors": []}, {"id": 26569, "annotations": [{"id": 23263, "completed_by": 1, "result": [{"value": {"choices": ["2", "23", "29"]}, "id": "UhZW1odwOu", "from_name": "label", "to_name": "image", "type": "choices", "origin": "manual"}], "was_cancelled": false, "ground_truth": false, "created_at": "2024-04-15T20:45:39.057075Z", "updated_at": "2024-04-15T20:45:39.057075Z", "draft_created_at": null, "lead_time": 3.78, "prediction": {}, "result_count": 0, "unique_id": "52c2804b-d1cb-4823-8d19-89f5f54b9a58", "import_id": null, "last_action": null, "task": 26569, "project": 30, "updated_by": 1, "parent_prediction": null, "parent_annotation": null, "last_created_by": null}], "drafts": [], "predictions": [], "data": {"image": "/data/local-files/?d=Pictures%5Cjpg_cut%5C69145_40125%5C7514088309027719938_1.jpg"}, "meta": {}, "created_at": "2024-04-15T20:42:32.166806Z", "updated_at": "2024-04-15T20:45:39.103815Z", "inner_id": 42, "total_annotations": 1, "cancelled_annotations": 0, "total_predictions": 0, "comment_count": 0, "unresolved_comment_count": 0, "last_comment_updated_at": null, "project": 30, "updated_by": 1, "comment_authors": []}, {"id": 26570, "annotations": [{"id": 23264, "completed_by": 1, "result": [{"value": {"choices": ["2", "23", "29"]}, "id": "ia4yaf4It4", "from_name": "label", "to_name": "image", "type": "choices", "origin": "manual"}], "was_cancelled": false, "ground_truth": false, "created_at": "2024-04-15T20:45:41.631955Z", "updated_at": "2024-04-15T20:45:41.631955Z", "draft_created_at": null, "lead_time": 2.31, "prediction": {}, "result_count": 0, "unique_id": "9421b79f-0d49-423e-812c-a3b7570ce4e1", "import_id": null, "last_action": null, "task": 26570, "project": 30, "updated_by": 1, "parent_prediction": null, "parent_annotation": null, "last_created_by": null}], "drafts": [], "predictions": [], "data": {"image": "/data/local-files/?d=Pictures%5Cjpg_cut%5C69145_40125%5C7514088309027719938_2.jpg"}, "meta": {}, "created_at": "2024-04-15T20:42:32.175460Z", "updated_at": "2024-04-15T20:45:41.675262Z", "inner_id": 43, "total_annotations": 1, "cancelled_annotations": 0, "total_predictions": 0, "comment_count": 0, "unresolved_comment_count": 0, "last_comment_updated_at": null, "project": 30, "updated_by": 1, "comment_authors": []}, {"id": 26571, "annotations": [{"id": 23265, "completed_by": 1, "result": [{"value": {"choices": ["23"]}, "id": "KzdHQCMqq5", "from_name": "label", "to_name": "image", "type": "choices", "origin": "manual"}], "was_cancelled": false, "ground_truth": false, "created_at": "2024-04-15T20:45:43.711534Z", "updated_at": "2024-04-15T20:45:47.243564Z", "draft_created_at": null, "lead_time": 3.508, "prediction": {}, "result_count": 0, "unique_id": "99e8c7a6-2a1a-4f30-a005-bc6194f23357", "import_id": null, "last_action": null, "task": 26571, "project": 30, "updated_by": 1, "parent_prediction": null, "parent_annotation": null, "last_created_by": null}], "drafts": [], "predictions": [], "data": {"image": "/data/local-files/?d=Pictures%5Cjpg_cut%5C69145_40125%5C7514088309027719938_3.jpg"}, "meta": {}, "created_at": "2024-04-15T20:42:32.184309Z", "updated_at": "2024-04-15T20:45:47.311887Z", "inner_id": 44, "total_annotations": 1, "cancelled_annotations": 0, "total_predictions": 0, "comment_count": 0, "unresolved_comment_count": 0, "last_comment_updated_at": null, "project": 30, "updated_by": 1, "comment_authors": []}, {"id": 26572, "annotations": [{"id": 23266, "completed_by": 1, "result": [{"value": {"choices": ["19", "23", "29"]}, "id": "fV5ljB81Au", "from_name": "label", "to_name": "image", "type": "choices", "origin": "manual"}], "was_cancelled": false, "ground_truth": false, "created_at": "2024-04-15T20:45:51.021852Z", "updated_at": "2024-04-15T20:45:51.021852Z", "draft_created_at": null, "lead_time": 2.866, "prediction": {}, "result_count": 0, "unique_id": "f0f7b6fc-a289-4d4c-ae3c-c0a16dd3c50f", "import_id": null, "last_action": null, "task": 26572, "project": 30, "updated_by": 1, "parent_prediction": null, "parent_annotation": null, "last_created_by": null}], "drafts": [], "predictions": [], "data": {"image": "/data/local-files/?d=Pictures%5Cjpg_cut%5C69145_40125%5C7514088309027720898_0.jpg"}, "meta": {}, "created_at": "2024-04-15T20:42:32.193017Z", "updated_at": "2024-04-15T20:45:51.074243Z", "inner_id": 45, "total_annotations": 1, "cancelled_annotations": 0, "total_predictions": 0, "comment_count": 0, "unresolved_comment_count": 0, "last_comment_updated_at": null, "project": 30, "updated_by": 1, "comment_authors": []}, {"id": 26573, "annotations": [{"id": 23267, "completed_by": 1, "result": [{"value": {"choices": ["2", "29"]}, "id": "oU7K-mc1XQ", "from_name": "label", "to_name": "image", "type": "choices", "origin": "manual"}], "was_cancelled": false, "ground_truth": false, "created_at": "2024-04-15T20:45:53.440796Z", "updated_at": "2024-04-15T20:45:53.440796Z", "draft_created_at": null, "lead_time": 2.154, "prediction": {}, "result_count": 0, "unique_id": "7cc267f3-fea1-4396-8597-9692e5022dad", "import_id": null, "last_action": null, "task": 26573, "project": 30, "updated_by": 1, "parent_prediction": null, "parent_annotation": null, "last_created_by": null}], "drafts": [], "predictions": [], "data": {"image": "/data/local-files/?d=Pictures%5Cjpg_cut%5C69145_40125%5C7514088309027720898_1.jpg"}, "meta": {}, "created_at": "2024-04-15T20:42:32.201739Z", "updated_at": "2024-04-15T20:45:53.485110Z", "inner_id": 46, "total_annotations": 1, "cancelled_annotations": 0, "total_predictions": 0, "comment_count": 0, "unresolved_comment_count": 0, "last_comment_updated_at": null, "project": 30, "updated_by": 1, "comment_authors": []}, {"id": 26574, "annotations": [{"id": 23268, "completed_by": 1, "result": [{"value": {"choices": ["2", "23", "29"]}, "id": "TEeJ3Reu9d", "from_name": "label", "to_name": "image", "type": "choices", "origin": "manual"}], "was_cancelled": false, "ground_truth": false, "created_at": "2024-04-15T20:45:56.596588Z", "updated_at": "2024-04-15T20:45:56.597085Z", "draft_created_at": null, "lead_time": 2.9, "prediction": {}, "result_count": 0, "unique_id": "4b4e7d1b-2d8a-4d87-b358-3a168d06b99b", "import_id": null, "last_action": null, "task": 26574, "project": 30, "updated_by": 1, "parent_prediction": null, "parent_annotation": null, "last_created_by": null}], "drafts": [], "predictions": [], "data": {"image": "/data/local-files/?d=Pictures%5Cjpg_cut%5C69145_40125%5C7514088309027720898_2.jpg"}, "meta": {}, "created_at": "2024-04-15T20:42:32.210378Z", "updated_at": "2024-04-15T20:45:56.642042Z", "inner_id": 47, "total_annotations": 1, "cancelled_annotations": 0, "total_predictions": 0, "comment_count": 0, "unresolved_comment_count": 0, "last_comment_updated_at": null, "project": 30, "updated_by": 1, "comment_authors": []}, {"id": 26575, "annotations": [{"id": 23269, "completed_by": 1, "result": [{"value": {"choices": ["23", "29"]}, "id": "t16Ru6iH2n", "from_name": "label", "to_name": "image", "type": "choices", "origin": "manual"}], "was_cancelled": false, "ground_truth": false, "created_at": "2024-04-15T20:46:03.292296Z", "updated_at": "2024-04-15T20:46:03.292296Z", "draft_created_at": null, "lead_time": 6.431, "prediction": {}, "result_count": 0, "unique_id": "c67d9385-5d97-4d6a-b42d-4c0679f2773f", "import_id": null, "last_action": null, "task": 26575, "project": 30, "updated_by": 1, "parent_prediction": null, "parent_annotation": null, "last_created_by": null}], "drafts": [], "predictions": [], "data": {"image": "/data/local-files/?d=Pictures%5Cjpg_cut%5C69145_40125%5C7514088309027720898_3.jpg"}, "meta": {}, "created_at": "2024-04-15T20:42:32.219979Z", "updated_at": "2024-04-15T20:46:03.342237Z", "inner_id": 48, "total_annotations": 1, "cancelled_annotations": 0, "total_predictions": 0, "comment_count": 0, "unresolved_comment_count": 0, "last_comment_updated_at": null, "project": 30, "updated_by": 1, "comment_authors": []}]